{
  "visual": {
    "accuracy": 0.125,
    "precision": 0.0,
    "recall": 0.0,
    "f1": 0.0,
    "auc": 0.5,
    "eer": 1.0,
    "n_samples": 120
  },
  "sync": {
    "accuracy": 0.125,
    "precision": 0.12499999998958335,
    "recall": 0.9999999993333333,
    "f1": 0.2222222202139918,
    "auc": 0.45714285714285713,
    "eer": 0.5714285714285714,
    "n_samples": 120
  },
  "fusion": {
    "accuracy": 0.125,
    "precision": 0.0,
    "recall": 0.0,
    "f1": 0.0,
    "auc": 0.5428571428571429,
    "eer": 0.42857142857142855,
    "n_samples": 120
  }
}